{
	"Manufacturer": "Siemens",
	"ManufacturersModelName": "Verio",
	"EchoTrainDuration": 700,
	"EPIFactor": 128,
	"AcquisitionNumber": 1,
	"DeviceSerialNumber": "40777",
	"SoftwareVersions": "syngo_MR_B19",
	"ScanningSequence": "EP",
	"SequenceVariant": "SK_SP",
	"SeriesDescription": "Diffusion30axis",
	"ProtocolName": "Diffusion30axis",
	"SequenceName": "_ep_b0",
	"ImageType": ["ORIGINAL", "PRIMARY", "DIFFUSION", "NONE", "ND", "MOSAIC"],
	"AcquisitionTime": "18:17:55.872500",
	"MagneticFieldStrength": 3,
	"FlipAngle": 90,
	"EchoTime": 0.081,
	"RepetitionTime": 14.1,
	"EffectiveEchoSpacing": 0.000360007,
	"SliceTiming": [
		0,
		7.1725,
		0.19,
		7.36,
		0.3775,
		7.55,
		0.5675,
		7.7375,
		0.755,
		7.9275,
		0.945,
		8.115,
		1.1325,
		8.305,
		1.3225,
		8.4925,
		1.51,
		8.6825,
		1.6975,
		8.87,
		1.8875,
		9.06,
		2.075,
		9.2475,
		2.265,
		9.4375,
		2.4525,
		9.625,
		2.6425,
		9.815,
		2.83,
		10.0025,
		3.02,
		10.1925,
		3.2075,
		10.38,
		3.3975,
		10.57,
		3.585,
		10.7575,
		3.775,
		10.9475,
		3.9625,
		11.135,
		4.1525,
		11.325,
		4.34,
		11.5125,
		4.53,
		11.7025,
		4.7175,
		11.89,
		4.9075,
		12.08,
		5.095,
		12.2675,
		5.285,
		12.4575,
		5.4725,
		12.645,
		5.6625,
		12.835,
		5.85,
		13.0225,
		6.04,
		13.2125,
		6.2275,
		13.4,
		6.4175,
		13.59,
		6.605,
		13.7775,
		6.795,
		13.9675,
		6.9825	],
	"PhaseEncodingDirection": "j-",
	"ConversionSoftware": "dcm2niix",
	"ConversionSoftwareVersion": "v1.0.20170528 GCC4.4.7"
}
